,STREET,AREA,road1,road2,gdp,price,pop,poi,build,access,access_5k,ln_access_5k,ln_road2,ln_gdp,ln_price,ln_pop,ln_poi
0,万祥镇,浦东新区,0.168453716,181,135.5019598,14575,1172.243781,201,0.288152215,1.973887673,2.770583588,1.0190579795974457,5.198497031265826,4.908986103683795,9.587063011218692,7.0666749527732815,5.303304908059076
1,书院镇,浦东新区,0.228179774,654,268.9447107,14419,992.3016156,641,0.272529403,13.59724824,77.85941106,4.35490477806431,6.483107351457199,5.594505822045106,9.576302060306647,6.9000271090555225,6.46302945692067
2,周浦镇,浦东新区,0.251593235,679,583.3523454,37658,2727.592222,1334,0.499447924,0.733608642,10.05108697,2.307680784875528,6.520621127558696,6.368791369832624,10.536300694056374,7.91117452905129,7.195937226475569
3,大团镇,浦东新区,0.211549979,633,328.8120768,11253,1290.898848,517,0.372351972,0.97728332,1.62819553,0.4874723647909942,6.450470422144176,5.795486392434505,9.328390038749998,7.163094036111615,6.248042874508429
4,宣桥镇,浦东新区,0.193334845,451,232.1595234,43696,1004.913227,397,0.40386074,1.203494325,3.274719047,1.1862320782317126,6.111467339502679,5.447424736239215,10.685011843713486,6.91265647547202,5.983936280687191
5,康桥镇,浦东新区,0.220553399,683,498.3235505,53612,2403.818371,946,0.628679432,1.577085392,47.70145025,3.864961800996058,6.52649485957079,6.211249565860306,10.889528202598388,7.78481373997222,6.852242569051878
6,惠南镇,浦东新区,0.219412682,1167,723.3484911,22811,2170.517945,1979,0.482537106,2.017246027,16.35766141,2.794696375357883,7.062191632286556,6.583891113084621,10.03499815473834,7.682721102385729,7.590346945602565
7,新场镇,浦东新区,0.215444617,857,303.1596444,25722,1134.440886,689,0.34431447,2.851878502,15.8140466,2.7608985704004327,6.75343791859778,5.714259545965175,10.155101935826032,7.033895197088875,6.535241271013659
8,航头镇,浦东新区,0.21213686,913,443.6818654,27644,1478.42113,899,0.430679577,1.163814993,8.725483075,2.166247833317986,6.816735880594968,6.095107786240166,10.227163985211284,7.298729993263638,6.80128303447162
9,南汇新城镇,浦东新区,0.14065731,1469,266.5147439,21323,348.9762975,1417,0.223414634,9.395076824,75.59692569,4.325415616882434,7.292337176173877,5.585429566278199,9.967541581326234,5.855004004423288,7.256297239690681
10,五里桥街道,黄浦区,0.456086173,123,322.6397207,84555,22083.15487,220,0.753461856,0.659743771,6.205834626,1.8254899182331759,4.812184355372417,5.776536284894021,11.345157489183785,10.002570373789213,5.393627546352362
11,打浦桥街道,黄浦区,0.544099041,107,272.1971038,82211,36241.73038,356,0.87079932,0.193942349,1.214694894,0.1944929292082145,4.672828834461906,5.606526450190151,11.317044392042519,10.49796650680952,5.87493073085203
12,淮海中路街道,黄浦区,0.606325915,82,268.8475096,77610,40449.37253,447,0.887485969,0.88869908,15.27913579,2.726488223892823,4.406719247264253,5.594144340054889,11.259451563848184,10.607806410128992,6.102558594613569
13,瑞金二路街道,黄浦区,0.476398173,96,314.2799285,76356,34234.93381,485,0.82035207,1.303944036,15.48381415,2.739795229930891,4.564348191467836,5.750284080803459,11.243161893020792,10.441001858151804,6.184148890937483
14,华亭镇,嘉定区,0.106507705,174,93.97645108,16428,614.5258019,276,0.376562756,0.674516792,56.07033534,4.026606890856059,5.159055299214529,4.543044230458988,9.70674247507645,6.42085091657049,5.62040086571715
15,南翔镇,嘉定区,0.242753826,498,373.8475863,43166,2904.249051,636,0.673395291,1.031344196,9.391606661,2.2398163819915338,6.210600077024653,5.923848191092328,10.672808427318916,7.973930133631027,6.455198563340122
16,嘉定镇街道,嘉定区,0.249693127,391,200.0773954,22226,2386.263577,595,0.607841219,2.553376757,12.42983013,2.5200992392989074,5.968707559985366,5.298704268691749,10.009018053745592,7.7774840647042325,6.38856140554563
17,外冈镇,嘉定区,0.122145189,314,126.9660809,18874,644.1350591,433,0.335817048,10.42603284,15.02451985,2.709683523171875,5.749392985908253,4.843919971258943,9.845540592581278,6.467908423215756,6.07073772800249
18,安亭镇,嘉定区,0.19657472,1528,502.9106464,28422,1441.90214,2054,0.621193926,1.878865559,24.78040658,3.210053283653157,7.331714969726466,6.220412512967757,10.254918772151807,7.273718451464354,7.627544390488503
19,徐行镇,嘉定区,0.13796804,730,137.8618451,17924,340.2330211,1005,0.404784218,8.087389986,40.17064365,3.693136471394427,6.593044534142437,4.926252061235634,9.793895875906033,5.829630739037385,6.912742820493176
20,新成路街道,嘉定区,0.282800445,313,313.6747496,27828,4324.70179,489,0.629073768,0.782007613,17.66984589,2.8718595647316025,5.746203190540153,5.748356619766972,10.233797987043532,8.372098466699782,6.192362489474872
21,江桥镇,嘉定区,0.227372787,608,406.7093043,29947,2480.193385,1819,0.698355252,1.657906839,19.33608941,2.9619732674078683,6.410174881966167,6.008098690202512,10.307184431581645,7.8160918139414965,7.506042178518122
22,真新街道,嘉定区,0.387530257,121,472.2428105,41044,23616.04396,432,0.813188664,2.21163636,10.25251145,2.327522695084234,4.795790545596741,6.15749328233773,10.622399940982099,10.069681588848331,6.068425588244111
23,马陆镇,嘉定区,0.208863182,648,401.3331303,43644,1818.957658,783,0.537486704,1.205672454,14.56245948,2.678446948832778,6.473890696352274,5.994791831303519,10.68382109477499,7.506018900622125,6.663132695990803
24,四团镇,奉贤区,0.203083226,930,192.3303976,14807,893.2099792,572,0.303227883,1.749474729,20.49573182,3.0202166605644822,6.835184586147301,5.259214713945334,9.602855320908718,6.794821692317385,6.349138991379798
25,庄行镇,奉贤区,0.171025519,686,135.8232174,10727,662.2336915,533,0.195816855,4.691066923,6.763510636,1.9115420801044616,6.530877627725885,4.911354168110712,9.280519206597429,6.495618501952392,6.278521424165844
26,柘林镇,奉贤区,0.164454414,1065,164.2361656,10016,547.421074,1038,0.299008585,17.49824858,35.03571774,3.5563680479834265,6.970730078143525,5.101305426115694,9.211939093339879,6.3052182942214,6.945051063725834
27,海湾镇,奉贤区,0.115826463,687,43.45752743,17109,137.1292011,912,0.205492662,18.97060719,186.8758327,5.230444400054756,6.532334292222349,3.771784080204753,9.747359919824648,4.920923555136118,6.815639990074331
28,金汇镇,奉贤区,0.237286404,1342,202.1810853,21526,944.2073044,713,0.306907686,6.739153371,27.97831547,3.331429762635819,7.201916317531627,5.309163757700425,9.977016785824244,6.850345744155129,6.569481420414296
29,青村镇,奉贤区,0.202001591,1129,165.1450966,17976,765.4694562,639,0.292035878,11.56050811,106.3233786,4.666485191552461,7.029087564149662,5.1068244608117075,9.796792813865165,6.640489313844476,6.459904454377535
30,友谊路街道,宝山区,0.284084046,129,128.7542788,34543,13248.05645,335,0.741560742,0.830660591,9.715093323,2.273680688856348,4.859812404361672,4.857905772389687,10.449960203748262,9.491606137636495,5.814130531825066
31,吴淞街道,宝山区,0.296653856,171,87.09943764,37273,9956.748118,232,0.695184135,1.982333506,17.32586501,2.852200472256713,5.14166355650266,4.467050427350817,10.526024482928522,9.20600580309111,5.44673737166631
32,大场镇,宝山区,0.224040875,708,372.2047334,41873,10221.61857,1045,0.754920993,1.663405181,5.875727922,1.7708299539720727,6.56244409369372,5.919444061483546,10.642396506792736,9.232260224016482,6.951772164398911
33,庙行镇,宝山区,0.282706875,108,97.81543306,45015,16627.1538,219,0.821206333,1.01721882,3.808085821,1.3371266537024749,4.68213122712422,4.583082366840795,10.714751046542577,9.718792409012634,5.389071729816501
34,张庙街道,宝山区,0.204812715,34,143.8483664,32583,30635.21949,206,0.85801495,0.921260094,3.701959741,1.3088623391597043,3.5263605246161616,4.968759733659177,10.391545958948146,10.32990558981501,5.327876168789581
35,月浦镇,宝山区,0.150255881,361,161.7424652,25791,3457.199727,881,0.726268711,0.94212887,3.029713505,1.108468062245599,5.8888779583328805,5.086005349297534,10.157780872842554,8.148214212912842,6.78105762593618
36,杨行镇,宝山区,0.190627601,499,240.1752481,36944,6179.218684,1082,0.765669285,2.305873917,12.12944755,2.495636177813271,6.212606095751519,5.481368857292042,10.517158531594276,8.728947115922011,6.9865664594064265
37,淞南镇,宝山区,0.209638982,257,128.1669258,38132,9196.659731,613,0.821862513,0.816365537,4.193378871,1.4335068220841711,5.54907608489522,4.8533335221220995,10.548809103613468,9.126595624392884,6.418364935936212
38,罗店镇,宝山区,0.200587287,542,215.8556841,32850,4954.240773,571,0.545555617,1.084419592,6.997074613,1.9454921492770056,6.295266001439646,5.37461005521974,10.399707023912757,8.50799921060425,6.3473892096560105
39,罗泾镇,宝山区,0.177001498,445,74.6764782,18594,1864.149652,273,0.449220206,3.310964504,8.31098208,2.1175777823900064,6.09807428216624,4.313165159018405,9.830594227015803,7.530560277430561,5.60947179518496
40,顾村镇,宝山区,0.20303921,571,331.7560812,32691,8079.726728,849,0.616709783,3.382903682,24.28597054,3.189898839586339,6.3473892096560105,5.804400003714998,10.394855089644995,8.997113330151127,6.744059186311348
41,高境镇,宝山区,0.277262818,102,128.474868,47627,18373.27394,278,0.870115256,0.157668602,0.569594825,-0.5628300042486765,4.624972813284271,4.855733305440521,10.771155106297904,9.81865238443075,5.627621113690637
42,凌云路街道,徐汇区,0.381237189,81,329.2485818,49793,22267.42562,378,0.85368235,0.32760293,2.628934831,0.9665787569277614,4.394449154672439,5.79681303324889,10.81562969088395,10.010880155006296,5.934894195619588
43,华泾镇,徐汇区,0.298580116,120,188.4067947,64318,6285.674796,292,0.640230823,1.333412128,14.00128525,2.6391491289729974,4.787491742782046,5.23860342677855,11.07159480884204,8.746028481370805,5.676753802268282
44,天平路街道,徐汇区,0.317180996,78,358.8466961,122928,32362.75041,586,0.851606266,0.190728315,1.970536797,0.6783059914191897,4.356708826689592,5.8828952669227315,11.719354097107416,10.384763361689185,6.373319789577012
45,康健新村街道,徐汇区,0.392840119,159,345.2177778,58902,20570.69423,296,0.808523538,0.54759788,3.186245719,1.1588433331215657,5.0689042022202315,5.8441754578831935,10.983630324920576,9.931622731712888,5.69035945432406
46,徐家汇街道,徐汇区,0.37416012,137,432.2744543,116103,25761.29524,663,0.853929711,0.20955679,2.752118786,1.0123710826570214,4.919980925828125,6.069060697399217,11.662233007145423,10.15662846001014,6.4967749901858625
47,斜土路街道,徐汇区,0.311484967,94,265.0663648,135810,20191.36874,332,0.777785861,0.794583998,6.444545135,1.8632340574846922,4.543294782270004,5.579980227840608,11.819012129098114,9.91301050197586,5.805134968916488
48,枫林路街道,徐汇区,0.392003794,156,396.3901975,79575,35713.64678,262,0.903430277,0.299563961,3.016730917,1.1041737672699548,5.049856007249537,5.982399073340788,11.284455252150293,10.483288157469039,5.568344503761097
49,湖南路街道,徐汇区,0.437683141,60,192.5507784,94839,27145.21178,569,0.843840135,0.173932567,1.750247716,0.5597573299178837,4.0943445622221,5.260359902839088,11.459935996049522,10.20895594811424,6.343880434126331
50,漕河泾街道,徐汇区,0.378531748,163,356.3991042,58597,16499.42511,537,0.887836763,1.626186854,6.409578516,1.8577935146365154,5.093750200806762,5.876051182125482,10.97843877971537,9.7110808174635,6.285998094508865
51,田林街道,徐汇区,0.320821573,69,332.3648245,65675,19981.42176,353,0.843723443,0.497312592,2.990238913,1.0953532882238175,4.23410650459726,5.806233234577815,11.092473614553741,9.90255820883001,5.8664680569332965
52,虹梅路街道,徐汇区,0.319720199,92,101.8701799,72026,5628.42461,357,0.876384092,0.599296802,2.663020423,0.979460975972496,4.5217885770490405,4.62369925657666,11.184782443924378,8.635584861372738,5.877735781779639
53,长桥街道,徐汇区,0.27767387,155,402.7217422,64054,16600.44804,375,0.710798822,1.298164556,13.06937724,2.570271878451959,5.043425116919247,5.998245857460287,11.067481756584877,9.717184964341847,5.926926025970411
54,龙华街道,徐汇区,0.261802147,174,229.8425038,77804,9068.072155,386,0.755754101,1.313568185,8.178638155,2.10152565203571,5.159055299214529,5.437394308276857,11.261948122726583,9.112514968697658,5.955837369464831
55,宜川路街道,普陀区,0.455922453,80,114.6563939,66173,47878.68844,130,0.837886063,0.182111065,2.429610351,0.8877308951124043,4.382026634673881,4.741939776610641,11.100027803744739,10.776425766648437,4.867534450455582
56,曹杨新村街道,普陀区,0.503269383,132,96.47389502,55035,42644.60639,245,0.887228451,0.16154519,2.672371428,0.982966253498784,4.882801922586371,4.569272453820904,10.915724625457493,10.660656082789169,5.501258210544727
57,桃浦镇,普陀区,0.276433371,360,226.6648615,52129,11081.61522,541,0.762934685,1.313136045,9.817440758,2.2841604731253633,5.886104031450156,5.423472545499742,10.861476694765958,9.313042727655038,6.293419278846481
58,甘泉路街道,普陀区,0.363247883,56,115.6786467,46806,45435.79797,133,0.901821919,0.681522141,4.052526849,1.399340599898776,4.02535169073515,4.750816059690573,10.753766678816367,10.724055574867265,4.890349128221754
59,真如镇街道,普陀区,0.406220635,242,72.78180971,46415,11214.8972,334,0.874849806,0.619958061,1.858901847,0.6199859085288324,5.488937726156687,4.287466057359896,10.745377961834032,9.324998280617157,5.811140992976701
60,石泉路街道,普陀区,0.366548254,89,115.8178976,52179,31101.18926,292,0.891885128,0.342628484,1.272878476,0.24128085233185007,4.48863636973214,4.752019109327588,10.862435394076263,10.345001337307583,5.676753802268282
61,长寿路街道,普陀区,0.447068752,122,128.9485029,66033,29740.61484,420,0.832645596,0.140296374,1.463715531,0.380978087232368,4.804021044733257,4.85941312233363,11.097909896050213,10.300268893640391,6.040254711277414
62,长风新村街道,普陀区,0.342494538,125,124.6770622,59392,19488.18903,1761,0.794315091,0.299492537,8.781894864,2.1726922003074445,4.8283137373023015,4.825726891900967,10.991914816145872,9.877563870277852,7.473637108496206
63,五角场街道,杨浦区,0.358997562,277,258.6310577,61406,19430.76322,565,0.85902052,0.149074267,2.249593989,0.8107497506000556,5.6240175061873385,5.555402558507687,11.025262829230666,9.87461282209411,6.336825731146441
64,长海路街道,杨浦区,0.284606847,200,298.3760388,64943,18726.90355,616,0.762184212,0.654914627,6.453533928,1.8646278765815247,5.298317366548036,5.69835456617786,11.08126524107888,9.837716461429522,6.423246963533519
65,四平路街道,杨浦区,0.370796608,105,165.216499,64829,34974.47821,191,0.860011404,0.134499722,2.328021401,0.845018722696353,4.653960350157523,5.10725672898127,11.079508313092495,10.462373880480293,5.25227342804663
66,大桥街道,杨浦区,0.41214598,155,170.4824633,68371,21605.80433,140,0.80818734,0.514833192,1.431128643,0.3584633938084292,5.043425116919247,5.1386324368882255,11.13270403709896,9.980717276555259,4.941642422609304
67,定海路街道,杨浦区,0.282824735,99,160.1632469,61406,14245.14611,180,0.661716783,0.427377708,0.798202554,-0.22539288667329915,4.59511985013459,5.076193588213567,11.025262829230666,9.564171503811664,5.19295685089021
68,平凉路街道,杨浦区,0.410321127,155,103.2350635,84151,17969.14792,174,0.76314586,0.317512169,2.608151698,0.9586418087838493,5.043425116919247,4.637008557938121,11.340368083089638,9.796411561847606,5.159055299214529
69,延吉新村街道,杨浦区,0.337344393,47,151.7584391,44336,43243.5974,127,0.817197028,0.946402946,5.925292492,1.7792300515411434,3.8501476017100584,5.02229004025494,10.69955226710276,10.674604464407249,4.844187086458591
70,控江路街道,杨浦区,0.592643005,83,183.7260236,48536,47915.30487,166,0.906243702,0.37428263,2.108173273,0.745821825118897,4.418840607796598,5.213445645769669,10.790061069622134,10.777190249483281,5.111987788356544
71,新江湾城街道,杨浦区,0.277913972,190,124.0272209,94540,7910.641265,717,0.614144674,0.27353329,4.771167311,1.5625909942485812,5.247024072160486,4.820501064900401,11.456778304347228,8.97596412764004,6.57507584059962
72,殷行街道,杨浦区,0.177180698,79,326.2145067,43712,19159.96935,513,0.65001827,0.577668704,10.09453972,2.311994655876389,4.3694478524670215,5.787555160994517,10.685377942930462,9.860578451836725,6.240275845170769
73,江浦路街道,杨浦区,0.396553762,79,147.3522606,68024,35570.10769,139,0.896296812,0.340632844,1.497002094,0.4034645042341081,4.3694478524670215,4.992826050769448,11.127615863065628,10.479260892489226,4.9344739331306915
74,长白新村街道,杨浦区,0.299468241,95,131.8671799,44401,24133.4231,112,0.845971807,0.274251701,0.563834042,-0.5729953225576752,4.553876891600541,4.881795203135563,10.70101727068921,10.09135300931204,4.718498871295094
75,中山街道,松江区,0.20926367,412,145.8020399,27216,1224.664325,936,0.65433289,3.710538167,15.37002735,2.73241933698939,6.021023349349527,4.98224981056036,10.211560314635642,7.110422065020212,6.841615476477592
76,佘山镇,松江区,0.188661038,880,155.2674334,21384,780.1379722,884,0.262768736,11.06890379,46.69146866,3.8435614640460654,6.779921907472252,5.045149006940827,9.970398257818754,6.659470791476797,6.784457062637643
77,叶榭镇,松江区,0.23751553,1469,145.8820792,12267,679.5994124,418,0.162893396,12.8233553,47.80969126,3.867228364972317,7.292337176173877,4.982798618649438,9.414668009032752,6.521503525171153,6.035481432524756
78,小昆山镇,松江区,0.183578476,443,71.69153652,14878,505.8740365,628,0.265307755,10.71010835,25.59064338,3.2422267917079326,6.093569770045136,4.272372700470922,9.607638890751288,6.226287698573509,6.4425401664681985
79,岳阳街道,松江区,0.305749058,150,192.5657675,19342,11508.12666,273,0.817947025,0.415831308,5.197732338,1.6482224416268336,5.0106352940962555,5.260437744729638,9.870034176276908,9.350808730867387,5.60947179518496
80,新桥镇,松江区,0.19617477,391,138.5154952,41048,1324.220752,800,0.594700551,1.211866928,7.575083167,2.024864330477077,5.968707559985366,4.930982198069799,10.622497392621801,7.18857945371669,6.684611727667927
81,新浜镇,松江区,0.186083781,600,73.07295631,12267,550.8302467,339,0.150554308,11.4900011,44.82444474,3.802753632130592,6.396929655216146,4.29145834358604,9.414668009032752,6.311426679471683,5.82600010738045
82,永丰街道,松江区,0.195472446,228,150.3968911,34154,2065.870367,467,0.429144317,0.781489256,33.36277012,3.507440611213415,5.429345628954441,5.013277740424434,10.438634988447184,7.633306901825208,6.1463292576688975
83,泖港镇,松江区,0.204315306,1168,112.3100212,11197,657.305526,479,0.175331209,23.873981,113.4496683,4.731359287466619,7.0630481633881725,4.721263093738171,9.323401164260197,6.488148942354227,6.171700597410915
84,泗泾镇,松江区,0.196522086,293,217.3305333,29651,3065.284203,1724,0.623225257,1.381786088,6.818829308,1.9196878014023666,5.680172609017068,5.3814193895865925,10.297251130669952,8.027895569357069,7.452402451223638
85,洞泾镇,松江区,0.196805105,388,69.23699665,30119,962.1594565,572,0.430796639,4.251929978,8.238733939,2.1088466839366777,5.961005339623274,4.237535353428481,10.312911480831472,6.869180192127337,6.349138991379798
86,石湖荡镇,松江区,0.301982253,1385,79.87333609,19636,607.7415412,349,0.1958965,8.608939959,93.03235148,4.532947298038468,7.233455418621439,4.380442081056621,9.885119895177944,6.40974969487642,5.855071922202427
87,车墩镇,松江区,0.237725896,854,129.1716429,18609,849.6958113,684,0.360255892,9.679515892,41.62841566,3.728783002831941,6.74993119378857,4.861142085060616,9.831400613641227,6.744878416375125,6.52795791762255
88,三林镇,浦东新区,0.273596756,754,913.2666752,135176,5328.144779,1179,0.636869392,1.875335678,15.68262447,2.7525533778295745,6.625392368007956,6.817027924692927,11.814332912040486,8.580758385086774,7.072421900537371
89,上钢新村街道,浦东新区,0.248380405,157,437.8349145,45179,11509.27274,540,0.714120688,3.946268818,21.21666217,3.0547868243949847,5.056245805348308,6.081841931794703,10.718387656089568,9.350908314663195,6.29156913955832
90,东明路街道,浦东新区,0.38649117,122,395.237848,45426,16066.27971,459,0.790625686,1.680198202,10.95893135,2.394154772203947,4.804021044733257,5.979487730518902,10.723839907331362,9.684477926640714,6.129050210060545
91,北蔡镇,浦东新区,0.27892425,525,830.4473964,56241,6788.931977,1223,0.71909842,0.572707605,15.15187633,2.7181243744515964,6.263398262591624,6.721964587372413,10.9374013072653,8.823048914660937,7.109062135687172
92,南码头路街道,浦东新区,0.300687112,87,388.0832243,49281,18246.89964,288,0.787421399,0.293148325,2.029680467,0.7078783752454436,4.465908118654584,5.961219812240934,10.80529389020931,9.811750461839205,5.662960480135946
93,合庆镇,浦东新区,0.275023275,1100,303.0844908,25776,1402.612507,604,0.543701605,3.054098141,10.87349992,2.3863286290695687,7.003065458786462,5.714011614163376,10.157199105416755,7.246091853074319,6.403574197934815
94,周家渡街道,浦东新区,0.285259528,99,540.8554838,49960,19494.17389,464,0.807757664,0.303677026,1.542962871,0.4337045102269589,4.59511985013459,6.293152115250191,10.818977964239513,9.87787092503794,6.139884552226255
95,唐镇,浦东新区,0.257084552,607,344.4640688,53669,2221.116305,792,0.61812757,2.921443888,24.08044848,3.1814002448519023,6.408528791059498,5.841989785449549,10.890590832614208,7.705765188574702,6.674561391814426
96,塘桥街道,浦东新区,0.422392185,138,297.8738405,62260,15406.49175,261,0.801667248,0.184027967,2.499729051,0.9161823464006619,4.927253685157205,5.696670042838942,11.039074443995599,9.642544241785558,5.564520407322694
97,张江镇,浦东新区,0.303958694,1187,595.1464521,48005,2580.683519,1628,0.578401945,1.084376297,35.83588916,3.5789498817514214,7.079184394609668,6.388807513241839,10.779060451131723,7.85580957267291,7.395107546562485
98,曹路镇,浦东新区,0.239064133,660,445.8913815,32501,1920.852008,1095,0.553541046,2.291156188,12.8841822,2.556000372939902,6.492239835020471,6.1000753831219,10.389026137075234,7.560524120758732,6.9985096422506015
99,沪东新村街道,浦东新区,0.246974436,80,371.8650752,29225,13703.11721,276,0.794260523,0.18228117,1.365182826,0.31128835812950667,4.382026634673881,5.918531087405934,10.282779786340269,9.52537861951102,5.62040086571715
100,洋泾街道,浦东新区,0.323063366,133,615.9539817,72328,15891.08895,355,0.774241246,0.29647476,4.708159966,1.5492971663059403,4.890349128221754,6.423172255710492,11.188966608417202,9.673513787704994,5.872117789475416
101,浦兴路街道,浦东新区,0.284262174,107,564.8896085,43621,18388.62063,485,0.801259594,0.47257049,5.159930795,1.6409231675818268,4.672828834461906,6.336630328870819,10.68329396475648,9.819487308259951,6.184148890937483
102,潍坊新村街道,浦东新区,0.311701192,93,481.4791212,67808,25678.38615,376,0.827916125,0.148800258,4.849994453,1.5789775612373975,4.532599493153256,6.176862868304252,11.124435461068026,10.153404911202923,5.929589143389895
103,花木街道,浦东新区,0.276519562,475,799.2185661,73984,7768.362984,1329,0.66790088,0.915352497,11.80101922,2.4681859023178214,6.163314804034641,6.683634457920367,11.211604132591996,8.95781473699478,7.192182058713246
104,金杨新村街道,浦东新区,0.303666594,143,699.2041412,55337,17410.88437,426,0.788458364,0.635980246,2.829859018,1.0402268934531096,4.962844630259907,6.549942747092665,10.921197041535379,9.764850828140709,6.054439346269371
105,金桥镇,浦东新区,0.265914594,472,197.0277156,90858,1536.012161,1542,0.691726916,1.996223146,30.66674541,3.423178856095025,6.156978985585555,5.283344407167188,11.41705312718471,7.336944830993984,7.340835554123275
106,陆家嘴街道,浦东新区,0.413233791,370,600.3571024,48567,18336.34093,999,0.719277426,0.227113844,7.255437401,1.9817511741121905,5.91350300563827,6.397524648838996,10.790699566909616,9.816640212818921,6.906754778648554
107,高东镇,浦东新区,0.235651874,528,201.6621883,33434,1143.896166,803,0.708044728,5.478304339,31.27270264,3.442745596900299,6.269096283706261,5.306593962339298,10.417328625262575,7.042195403834429,6.688354713946762
108,高桥镇,浦东新区,0.17127929,422,472.6911591,32348,2427.596732,600,0.633462641,2.245477696,26.67585536,3.283758862653096,6.045005314036012,6.158442234641424,10.384307474215714,7.794657047775261,6.396929655216146
109,高行镇,浦东新区,0.230261465,379,394.1406053,45968,3488.07182,654,0.642083314,1.283412255,20.4962588,3.020242371928681,5.937536205082426,5.976707711879976,10.735700781219071,8.157104375413217,6.483107351457199
110,凉城新村街道,虹口区,0.44704292,266,196.7786004,51627,30141.67715,179,0.856954141,0.213076829,1.282906524,0.24912822561372305,5.583496308781699,5.282079240900892,10.85180007043302,10.313664115954174,5.187385805840755
111,嘉兴路街道,虹口区,0.530289497,125,175.785314,80253,33459.03859,312,0.862381504,0.231209,2.206019725,0.7911898623144543,4.8283137373023015,5.169263443650084,11.292939423471099,10.418077241013846,5.7430031878094825
112,广中路街道,虹口区,0.502463278,164,233.4861596,53800,39877.74001,174,0.891167617,0.377197776,2.29017495,0.8286282120279297,5.099866427824199,5.453122801690529,10.893028746149875,10.593573552710705,5.159055299214529
113,北外滩街道,虹口区,0.521039279,240,163.9311815,79846,20607.3124,464,0.766730765,0.210216717,3.909678587,1.3634551678051388,5.480638923341991,5.099446714756991,11.287855058462304,9.933401262664203,6.139884552226255
114,曲阳路街道,虹口区,0.476288847,135,216.8541474,56556,35280.00971,218,0.863426905,0.148872049,2.160247597,0.7702228433674997,4.90527477843843,5.3792249957613825,10.942986576711732,10.471071785347448,5.384495062789089
115,欧阳路街道,虹口区,0.414521384,47,151.157297,56279,44656.84293,189,0.808039964,0.343187507,3.635268344,1.2906829305441083,3.8501476017100584,5.018320996606669,10.938076742769116,10.706762831672837,5.241747015059643
116,江湾镇街道,虹口区,0.4519355,244,275.653865,51352,32368.44314,193,0.888350876,0.119478565,0.630516496,-0.46121596055700675,5.497168225293202,5.619145966341348,10.846459162991614,10.384939249995965,5.262690188904886
117,亭林镇,金山区,0.136606487,880,140.7524999,12125,473.4129261,2014,0.226672414,16.61072382,39.38264015,3.673325113878889,6.779921907472252,4.947003028140934,9.403024715805683,6.159968001523337,7.607878073278507
118,金山卫镇,金山区,0.133030046,262,128.8297219,10155,959.3082897,650,0.272967079,9.847970847,4.533630126,1.5115229709014855,5.568344503761097,4.858491547142406,9.225721474014485,6.866212493191757,6.476972362889683
119,吕巷镇,金山区,0.119230617,244,101.8276317,10251,698.4176613,545,0.154852054,44.56707947,127.2596763,4.8462296941899075,5.497168225293202,4.623281498523349,9.235130540783402,6.548817292435891,6.300785794663244
120,山阳镇,金山区,0.212633312,565,161.8164829,15846,1559.817629,850,0.428782121,3.177624393,5.432475162,1.6923948610257085,6.336825731146441,5.0864628715000615,9.670672381525188,7.352324188922541,6.745236349484363
121,廊下镇,金山区,0.107377753,215,73.09532956,7886,637.0627911,395,0.129065769,29.10067817,20.84998114,3.0373530436880465,5.3706380281276624,4.291764473606538,8.972844314437573,6.456868223869566,5.978885764901122
122,张堰镇,金山区,0.165379945,226,69.4314954,10087,810.8040698,442,0.213028173,11.10589182,148.3894834,4.999840461645306,5.420534999272286,4.240340588773192,9.219002745054835,6.698026434052174,6.091309882077698
123,朱泾镇,金山区,0.164627573,756,207.4171266,8995,1118.877701,958,0.24530569,0.82655997,6.856267156,1.9251631472807522,6.628041376179533,5.334731870013854,9.104424146384634,7.020081409220141,6.86484777797086
124,枫泾镇,金山区,0.116686218,654,157.8267023,10910,702.172685,990,0.212234965,6.15377862,3.656847331,1.2966013912353793,6.483107351457199,5.06149761019267,9.297435078827116,6.554179363803715,6.897704943128636
125,漕泾镇,金山区,0.15421572,368,70.02702162,6997,566.7983708,640,0.197829968,22.62398573,5.322574379,1.6719570921359534,5.908082938168931,4.248881190704451,8.853236764745898,6.340003633429896,6.461468176353717
126,石化街道,金山区,0.19877254,126,127.0259881,13455,2981.48631,334,0.764227327,1.488861073,6.629171718,1.8914798669816775,4.836281906951478,4.844391696233245,9.507106063161006,8.00017721690412,5.811140992976701
127,仙霞新村街道,长宁区,0.448751781,106,326.3131807,46767,36064.71639,483,0.871125837,0.182607295,2.722616115,1.0015932250532282,4.663439094112067,5.787857597205753,10.75293310498079,10.493070281049928,6.180016653652572
128,北新泾街道,长宁区,0.730458256,87,201.0208002,52056,34675.344,504,0.873912808,0.21832147,5.188724239,1.6464878555932156,4.465908118654584,5.303408386287109,10.86007534117482,10.453784165825963,6.222576268071369
129,华阳路街道,长宁区,0.629690189,109,271.187109,60867,31974.46027,592,0.783832438,0.412563571,4.637219877,1.534115022227764,4.6913478822291435,5.602809021750662,11.01644643491116,10.372692746554774,6.3835066348840055
130,周家桥街道,长宁区,0.477582073,59,247.7030886,43390,32663.51444,1100,0.81422617,0.290771565,9.133036202,2.2118981915689804,4.07753744390572,5.5122308055334415,10.677984278792396,10.394013967593796,7.003065458786462
131,天山路街道,长宁区,0.56261847,99,262.4937956,58072,34123.48244,701,0.86515985,0.332765122,5.561637283,1.7158925402728444,4.59511985013459,5.570227445942824,10.969438898964677,10.437741060875704,6.55250788703459
132,新华路街道,长宁区,0.438097633,86,270.8007396,77665,30681.38489,256,0.856351948,0.203054171,2.813163242,1.0343095591072975,4.454347296253507,5.6013832722013035,11.260159984422007,10.33141139429293,5.545177444479562
133,新泾镇,长宁区,0.403707882,518,610.7575928,45738,12682.35907,1061,0.765339123,1.444571911,15.11521211,2.7157016612126808,6.249975242259483,6.414700141988532,10.73068474121633,9.447967257216677,6.966967138613983
134,江苏路街道,长宁区,0.659033099,53,205.7095549,68249,33926.13361,240,0.875367526,0.173611287,1.431860497,0.35897464549689406,3.970291913552122,5.326465246236409,11.130918060925213,10.43194089932534,5.480638923341991
135,程家桥街道,长宁区,0.278623308,218,116.1080558,47317,3653.492311,391,0.67300041,1.518134285,3.2663101,1.183660937989563,5.384495062789089,4.75452127303227,10.764624917942255,8.203438786671784,5.968707559985366
136,虹桥街道,长宁区,0.472032891,163,277.2160829,94073,16999.4661,437,0.819184772,0.333895951,3.506654725,1.2546625132174047,5.093750200806762,5.624797284752473,11.451826355602378,9.740937216662825,6.07993319509559
137,七宝镇,闵行区,0.28335818,461,523.8838443,60700,8324.158132,847,0.802534476,1.554528578,11.28881298,2.423812233572956,6.133398042996649,6.2612699885651475,11.01369897704759,9.026917184449854,6.741700694652055
138,华漕镇,闵行区,0.238906037,422,179.8178882,41395,2021.980125,664,0.67202999,1.388324785,23.74914735,3.1675466287835605,6.045005314036012,5.191944606521478,10.630915379572906,7.611832570155253,6.498282149476434
139,古美路街道,闵行区,0.30419086,113,275.1318831,61426,13932.32396,364,0.837469761,0.594354102,7.138059393,1.965440945711413,4.727387818712341,5.6172505576163685,11.025588477273143,9.54196688415841,5.8971538676367405
140,吴泾镇,闵行区,0.20676287,589,206.3457644,38660,1904.418695,1000,0.58123571,1.011828131,24.71489217,3.2074059838119178,6.3784261836515865,5.32955322969764,10.562560752762321,7.55193209401236,6.907755278982137
141,新虹街道,闵行区,0.32843978,589,115.8922229,36754,1922.931865,1081,0.705104615,0.518097921,13.93773175,2.6345996768847875,6.3784261836515865,4.752660646282372,10.51200234225537,7.5616063133438,6.985641817639208
142,梅陇镇,闵行区,0.273970645,635,477.8260115,53767,5262.218169,1029,0.759478393,0.808442315,8.099949236,2.0918577944982606,6.453624998892692,6.169246673552217,10.892415175053996,8.568307921972217,6.9363427358340495
143,江川路街道,闵行区,0.202716586,269,445.0273949,30503,6110.402277,1377,0.721863397,0.489477943,6.275370336,1.8366325009656153,5.594711379601839,6.098135841844438,10.325580318414149,8.717747889114545,7.227662498728654
144,莘庄镇,闵行区,0.34647295,711,557.4851912,45788,9263.394241,1037,0.754110823,0.679983405,10.32183424,2.3342614806942765,6.566672429803241,6.323435940111519,10.731777327038367,9.133825809181765,6.9440872082295275
145,虹桥镇,闵行区,0.279157994,241,277.6187731,60107,8008.877762,507,0.843697448,0.675287762,3.293343949,1.1919034464670384,5.484796933490655,5.626248852787007,11.003881586286656,8.98830592562761,6.2285110035911835
146,颛桥镇,闵行区,0.242533223,633,270.8097312,34676,2051.771334,971,0.718614861,0.599290086,4.354636003,1.4712410254106574,6.450470422144176,5.6014164753998585,10.45380308398853,7.62645876440873,6.878326468291325
147,马桥镇,闵行区,0.19301619,425,171.0602578,41311,1403.299762,673,0.454737299,2.746893783,11.71549034,2.460911926824336,6.052089168924417,5.142015879225041,10.62888408731157,7.2465817151568475,6.511745329644728
148,临汾路街道,静安区,0.365450017,51,229.3154496,39166,28638.52966,84,0.854166013,0.306127869,1.035953099,0.035321871576996865,3.9318256327243257,5.435098564829178,10.575564302476781,10.262508281069556,4.430816798843313
149,共和新路街道,静安区,0.501477541,138,299.218203,63530,29318.39201,138,0.870743156,0.800537647,4.411677284,1.4842549536570955,4.927253685157205,5.701173083153455,11.05926751426058,10.285970311727228,4.927253685157205
150,北站街道,静安区,0.62447978,139,144.1339782,166022,21958.73642,227,0.859723259,0.185706582,1.702872166,0.5323163348584102,4.9344739331306915,4.970743271184992,12.019875588677822,9.996920353895113,5.424950017481403
151,大宁路街道,静安区,0.362217044,234,318.1856614,68386,13494.53999,340,0.886202439,0.531057321,7.044641906,1.952267314534294,5.455321115357702,5.762635053291902,11.132923404298595,9.510040437431323,5.8289456176102075
152,天目西路街道,静安区,0.712555962,147,105.6004828,68389,14542.01958,350,0.865813516,0.222606265,1.270905231,0.23972942687821805,4.990432586778736,4.659662943231407,11.132967271964477,9.584797639653877,5.857933154483459
153,宝山路街道,静安区,0.508808784,90,221.5788216,101069,36565.12777,116,0.913078679,0.233110013,1.086767512,0.08320770485861297,4.499809670330265,5.400778379908876,11.523558730886982,10.50685027202412,4.7535901911063645
154,彭浦新村街道,静安区,0.306717838,50,450.1984235,50091,36620.32828,165,0.892486985,0.546233663,1.024139241,0.02385249491227105,3.912023005428146,6.109688426689512,10.821596630217067,10.508358782688594,5.10594547390058
155,彭浦镇,静安区,0.387119947,347,423.5729006,32329,14382.39914,569,0.844034347,0.644038195,7.408531606,2.0026322558382903,5.849324779946859,6.04872563764872,10.383719939217288,9.573760456023829,6.343880434126331
156,芷江西路街道,静安区,0.592698562,94,230.392891,59955,39048.36752,109,0.912675698,0.329884847,1.092879787,0.08881621869919117,4.543294782270004,5.439786073310987,11.001349559813534,10.572556349528428,4.6913478822291435
157,华新镇,青浦区,0.235950688,720,149.5061252,17202,951.5230887,803,0.596206309,1.805937759,4.555651064,1.516368454416613,6.579251212010101,5.007337363228901,9.752780935111424,6.858063952022462,6.688354713946762
158,夏阳街道,青浦区,0.22344609,626,190.1176162,27482,1546.878328,653,0.336667358,3.854702451,24.54783163,3.200623525696094,6.439350371100098,5.2476429132704006,10.22128652389172,7.343994197189084,6.481577129276431
159,徐泾镇,青浦区,0.260228575,708,211.6180114,64003,1651.753273,898,0.646508245,0.589838825,5.221351871,1.6527563474840181,6.56244409369372,5.354782816399447,11.06668523624321,7.409592592442768,6.8001700683022
160,朱家角镇,青浦区,0.143616955,1870,216.842129,30352,494.2814427,1520,0.140379029,4.414701109,143.0616559,4.963275697476943,7.533693709848633,5.379169572643145,10.320617692174796,6.203105077022698,7.326465613840322
161,白鹤镇,青浦区,0.165502861,815,158.7927119,15826,819.7347365,890,0.343073221,4.091529705,47.31487376,3.8568247018809734,6.703188113240863,5.067599652923563,9.669409436169138,6.70898079585028,6.7912214627261855
162,盈浦街道,青浦区,0.271957507,400,172.9338007,23916,3226.615698,555,0.53285155,2.879193788,26.04545468,3.259843268522218,5.991464547107982,5.15290886635341,10.082302970000795,8.079189095403374,6.318968113746434
163,练塘镇,青浦区,0.205131436,1902,174.6498721,11101,569.8037451,1230,0.144396508,19.31750772,181.6081926,5.201851578585736,7.550661243105336,5.162783238930786,9.314790473332646,6.345291994699281,7.114769448366463
164,赵巷镇,青浦区,0.220131006,465,143.8463895,38098,1169.307946,923,0.403795932,3.322599682,13.67322887,2.6154398240152,6.142037405587356,4.968745990621048,10.547917066298643,7.06416735364187,6.827629234502852
165,重固镇,青浦区,0.244436814,389,76.45428343,38098,964.3853564,325,0.31900021,4.582053809,3.407758197,1.2260546548653795,5.963579343618446,4.336692959974888,10.547917066298643,6.871490962035784,5.783825182329737
166,金泽镇,青浦区,0.158049518,1883,203.0739557,30089,567.0279027,804,0.11337425,29.06321458,138.154551,4.928372993280689,7.5406215286571525,5.313570226488734,10.311914935439406,6.340408513628036,6.6895992691789665
167,香花桥街道,青浦区,0.195425091,743,127.4051049,19287,557.2697045,835,0.484272945,3.516121834,16.36682289,2.7952562913006593,6.610696044717759,4.847371812194,9.867186572809796,6.323049331892053,6.727431724850855
168,南京西路街道,静安区,0.599842182,81,163.2473401,75659,26909.75947,566,0.854728358,1.156206595,10.98854474,2.396853342905166,4.394449154672439,5.095266474608794,11.233991681076148,10.200244305368109,6.338594078203183
169,曹家渡街道,静安区,0.577743996,52,274.975771,75371,49530.5301,236,0.874151422,0.061877853,0.492882587,-0.7074842935475091,3.9512437185814275,5.6166829883305125,11.230177864627965,10.810344528129493,5.4638318050256105
170,江宁路街道,静安区,0.445376773,65,252.5290747,76940,36590.5172,405,0.881411845,0.117302861,0.79263939,-0.23238690226157563,4.174387269895637,5.5315263894132025,11.250781176306287,10.50754439292292,6.003887067106539
171,石门二路街道,静安区,0.580904091,74,123.1313526,70195,30788.31501,311,0.857616358,0.524623953,4.800243821,1.5686667126654366,4.30406509320417,4.813251692882103,11.159032362406052,10.3348905141856,5.739792912179234
172,静安寺街道,静安区,0.514768784,61,133.8496501,75498,22803.09589,517,0.879160112,0.12688816,1.104610106,0.09949242745631559,4.110873864173311,4.89671715584266,11.231861444820023,10.034651590373754,6.248042874508429
173,半淞园路街道,黄浦区,0.437835097,112,423.2032421,48096,31325.12167,249,0.780571661,0.168093059,2.221931693,0.7983769495207947,4.718498871295094,6.04785254143157,10.780954292552702,10.352175663874842,5.517452896464707
174,南京东路街道,黄浦区,0.657071625,247,347.8042564,49634,30696.50663,1099,0.771389871,0.931436219,14.86128281,2.698759361943248,5.5093883366279774,5.851639839913153,10.81243136174723,10.331904136546907,7.002155954403621
175,外滩街道,黄浦区,0.639993521,206,304.9928476,119280,29476.5639,761,0.742378139,0.31804352,5.293752506,1.6665273528065452,5.327876168789581,5.720288325840642,11.68922894943862,10.29135078252219,6.634633357861686
176,小东门街道,黄浦区,0.610873981,168,315.4201152,90241,25401.27192,219,0.685342852,0.186537732,2.518263332,0.9235695099793249,5.123963979403259,5.753905449286661,11.410239148230769,10.142554527343439,5.389071729816501
177,老西门街道,黄浦区,0.680981989,124,333.4123561,94902,58131.20256,178,0.921546968,0.149567949,1.18149753,0.16678272707979633,4.820281565605037,5.8093800305177785,11.460600059191544,10.970457847906152,5.181783550292085
178,豫园街道,黄浦区,0.728644174,85,254.50292,83861,44958.88771,259,0.883565752,0.322986008,4.627478911,1.5320122081347636,4.442651256490317,5.539312309402164,11.336915945289954,10.713503744715283,5.556828061699537
179,南桥镇,奉贤区,0.209350604,597,247.9552064,27271,1879.17873,1019,0.493021065,1.72427864,12.1957583,2.5010882109565236,6.391917113392602,5.513248110496503,10.213579145500994,7.538590114634414,6.926577033222725
180,西渡街道,奉贤区,0.251156534,568,125.3764127,22469,1435.003948,461,0.364788576,1.840870924,4.169801076,1.427868331075735,6.342121418721152,4.831320514015228,10.019891860406231,7.268922879409449,6.133398042996649
181,浦江镇,闵行区,0.211723461,1350,430.2004937,14000,1733.334168,1442,0.430048502,2.796104201,39.27104853,3.6704875687682246,7.2078598714324755,6.064251364438736,9.546812608597396,7.457802097439755,7.273786317844895
182,浦锦街道,闵行区,0.217541016,475,188.1505437,31850,2589.225916,969,0.546228807,1.110817042,47.53628604,3.8614933360363786,6.163314804034641,5.237242406750924,10.36879266100031,7.859114235890535,6.876264611890766
183,九亭镇,松江区,0.245046916,302,128.3267832,38370,1733.672801,552,0.653620557,2.110071214,16.68023671,2.8142245880769083,5.71042701737487,4.854580004317089,10.555031183240999,7.457997443456711,6.313548046277095
184,九里亭街道,松江区,0.264127046,93,100.4315897,21400,5310.814984,373,0.800502016,0.326489373,3.266044612,1.1835796539773344,4.532599493153256,4.6094767962155485,9.971146201009942,8.577500583438269,5.921578419643816
185,方松街道,松江区,0.289975426,404,201.1359061,32542,4294.002496,758,0.61609601,1.015176872,25.73605319,3.24789285668933,6.0014148779611505,5.303980829324065,10.390286841699265,8.364974559714756,6.630683385642372
186,广富林街道,松江区,0.184096189,238,165.2189918,24178,3070.538018,497,0.39818819,3.14927194,73.40197878,4.295950894112672,5.472270673671475,5.107271816948933,10.093198407761937,8.029608075389593,6.208590026096629
187,川沙新镇,浦东新区,0.21155503,1409,867.8087613,36113,1819.352706,2702,0.433400198,5.151757046,32.99658933,3.4964042024887614,7.25063551189868,6.765971369303146,10.494408190299962,7.506236060766274,7.9017475185201445
188,祝桥镇,浦东新区,0.168817287,1602,711.293852,24981,920.4718608,1958,0.397006008,3.19912674,15.12498609,2.716348084247061,7.379008127628304,6.567085638373,10.125870814903928,6.824886430732764,7.579678823090456
189,老港镇,浦东新区,0.151603143,366,167.3470497,12630,508.4032005,268,0.211486355,19.39445227,43.8258115,3.780222947464158,5.902633333401366,5.1200697979829615,9.443830215344537,6.231274834535452,5.5909869805108565
190,泥城镇,浦东新区,0.245059551,1095,294.2263852,13852,984.8072382,860,0.344297666,1.207103185,2.423096165,0.8850461294496313,6.9985096422506015,5.684349488714237,9.536184905522312,6.892445924761999,6.756932389247553
191,长征镇,普陀区,0.317059593,165,165.9061266,56448,20673.58516,486,0.869782855,0.47837887,2.803103957,1.030727359258028,5.10594547390058,5.11142212599011,10.941075139366463,9.936612085144,6.186208623900494
192,万里街道,普陀区,0.358677259,61,176.7148039,66348,52456.38837,135,0.811714433,0.275813904,1.416461823,0.3481620882838625,4.110873864173311,5.174537155669173,11.102668896125934,10.867737405644887,4.90527477843843
193,四川北路街道,虹口区,0.570352807,101,110.8834351,63949,31244.214,191,0.894879203,0.174280693,1.701844392,0.5317125994145282,4.61512051684126,4.708479515300818,11.06584116966815,10.3495894860218,5.25227342804663
194,奉浦街道,奉贤区,0.202386693,205,74.49988319,22264,1215.750319,432,0.598267626,1.030702353,2.392756591,0.8724460866611852,5.3230099791384085,4.310797557464822,10.010726303205727,7.103116711673333,6.068425588244111
195,金海街道,奉贤区,0.189010134,228,60.39964782,18403,1069.669805,333,0.376670945,3.892966464,13.64798449,2.6135918543184316,5.429345628954441,4.100983274129068,9.820268973785195,6.975105286373249,5.808142489980444
196,奉城镇,奉贤区,0.226515159,1144,184.3329849,16523,870.4809646,653,0.319462041,3.558421542,104.9486038,4.6534707427003035,7.042286171939743,5.2167438226173575,9.71250862865099,6.769045891766396,6.481577129276431
197,头桥街道,奉贤区,0.227026333,612,84.36237516,10875,751.3390173,159,0.288945006,3.627983676,6.628301672,1.8913486133143074,6.416732282512326,4.435121510264015,9.294221855956884,6.621856971076022,5.0689042022202315
